No. ,Station,Source,Tide gauge co-ordinates,Start date,#Years,Tide Range,Min Surge,Max Surge,%var explained by tide,,era5_latitude,era5_longitude
1,Aranmore,,,25/05/2009,16.25,4.24,-1.82,1.15,95.98,,55,-8.5
2,Ballycotton,,,20/06/2011,12.99,4.52,-1.87,1.08,97.15,,51.75,-8
3,Ballyglass,,,11/01/2009,13.66,4.09,-0.67,0.9,96.31,,54.25,-10
4,Carrigaholt,,,16/05/2020,4.59,5.07,-0.77,1.78,96.93,,52.5,-9.75
5,Castletownbere,,,10/01/2009,14.74,3.63,-0.78,0.97,96.39,,51.5,-10
6,Dingle Harbour,,,30/07/2018,5.66,4.17,-1.57,1,96.47,,51.75,-10.25
7,Dublin Port,,,30/11/2007,17.64,4.54,-3.81,1.61,95.5,,53.25,-6.25
8,Dunmore,,,03/01/2013,11.49,4.46,-1.26,2.14,96.37,,52.25,-7
9,Fenit,,,25/04/2011,13.82,5.08,-5.15,1.4,97.27,,52.25,-9.75
10,Ferry Bridge Maigue,,,13/08/2001,22.83,6.22,-1.1,2.68,94.34,,52.75,-8.75
11,Foynes,,,16/05/2020,5.51,6.06,-5.2,5.35,95.97,,52.5,-9
12,Galway Port,,,26/11/2007,17.27,5.3,-1.28,2.6,97.29,,53.25,-9
13,Howth,,,01/10/2018,6.99,4.75,-1.1,1.18,96.52,,53.5,-6
14,Inishmore,,,20/12/2007,10.01,5,-1.5,2.38,97.36,,53,-9.75
15,Killybegs Port,,,15/04/2008,16.77,4.36,-1.65,1.41,96.21,,54.5,-8.5
16,Kilrush,,,21/04/2018,5.8,5.39,-0.87,1.56,97.56,,52.5,-9.5
17,Malin Head,,,23/11/2008,14.18,3.87,-0.97,3.99,94.23,,55.5,-7.5
18,Moneycashen,,,11/09/1998,25.1,2.93,-2.12,2.54,84.51,,52.5,-9.75
19,Port Bridge Swilly,,,29/11/2007,10.38,4.11,-2.07,3.37,91.08,,55,-7.75
20,Port Oriel,,,28/12/2007,13.59,5.55,-3.93,3.9,95.37,,53.75,-6.25
21,Ringaskiddy NMCI,,,11/09/2012,12.65,4.65,-2,2.09,96.82,,51.75,-8.25
22,Roonagh Pier,,,17/09/2020,4.66,4.56,-2.83,1.36,95.76,,53.75,-10
23,Rossaveel Pier,,,01/07/2011,13.63,5.13,-2.37,1.95,97.21,,53.25,-10
24,Skerries Harbour,,,09/07/2007,9.37,5.24,-3.24,2.65,94.78,,53.5,-6
25,Sligo,,,13/04/2009,11.83,4.37,-1.62,1.51,96.44,,54.25,-8.5
26,Union Hall Harbour,,,02/08/2021,4.24,3.84,-3.98,0.92,96.37,,51.5,-9
27,Wexford,,,12/04/2009,12.72,1.8,-1.03,1.15,79.02,,52.25,-6.5
